frequence;R‚flection modules;R‚flection phases;Transmission modules;Transmission phases;;temps;R‚flection;Transmission
1000000;0;139,3566229;-56,11671993;-176,3247005;;0;0,116417529;0,116417529
6868884;-0,14818336;155,0987757;-59,36011983;-119,0632061;;3,32793E-10;0,130186859;0,130186859
12737768;-0,111034444;154,2415718;-56,58613831;-97,83878699;;6,65587E-10;0,257010325;0,257010325
18606652;-0,252277686;150,0689644;-62,29326953;-76,82976074;;9,9838E-10;0,093709551;0,093709551
24475536;-0,575152892;147,1381035;-62,05045263;-95,21154202;;1,33117E-09;0,047916609;0,047916609
30344420;-0,475684554;144,3366463;-63,56973384;-61,54233468;;1,66397E-09;0,162143568;0,162143568
36213304;-0,374584576;140,2326736;-58,96132881;-34,48717605;;1,99676E-09;0,119045563;0,119045563
42082188;-0,287334844;136,5648281;-60,07690863;4,008621643;;2,32955E-09;0,097161302;0,097161302
47951072;-0,160060069;133,3994564;-61,30879459;16,7894886;;2,66235E-09;0,034718527;0,034718527
53819956;-0,078553706;130,4514239;-60,97778531;24,78655894;;2,99514E-09;0,023031207;0,023031207
59688840;-0,419097148;125,861638;-59,54018474;55,781269;;3,32793E-09;0,003324502;0,003324502
65557724;-0,224289739;125,4961471;-58,55937242;68,68338738;;3,66073E-09;0,028861698;0,028861698
71426608;-0,665267848;119,5819139;-62,38946335;108,4812163;;3,99352E-09;0,027500303;0,027500303
77295492;-3,105544138;115,643906;-68,43790387;75,09927565;;4,32631E-09;0,025132335;0,025132335
83164376;-1,464938689;129,4158335;-55,53275633;114,0283287;;4,65911E-09;0,023707328;0,023707328
89033260;-0,850085475;121,4839414;-55,39008433;111,2507414;;4,9919E-09;0,011771586;0,011771586
94902144;-0,711754756;114,9582813;-60,19769064;118,4501636;;5,32469E-09;0,003248439;0,003248439
100771028;-0,607567947;109,1910006;-53,99112832;144,0709106;;5,65749E-09;0,005198115;0,005198115
106639912;-0,626508292;102,8685893;-53,1954896;136,8492231;;5,99028E-09;0,010888915;0,010888915
112508796;-3,143996033;99,06132068;-48,61979339;77,34585331;;6,32307E-09;0,015738591;0,015738591
118377680;-1,034608263;113,8050977;-57,92199979;-0,36127819;;6,65587E-09;0,0145953;0,0145953
124246564;-0,529943104;108,5918748;-66,55340501;-77,98380951;;6,98866E-09;0,012918614;0,012918614
130115448;-0,543497159;105,2827534;-69,25512432;-112,314695;;7,32145E-09;0,009430043;0,009430043
135984332;-0,674220142;102,0432756;-64,0176513;-118,8387045;;7,65424E-09;0,005718184;0,005718184
141853216;-0,821937789;98,29982255;-62,07870068;-88,98096256;;7,98704E-09;0,007784547;0,007784547
147722100;-0,871882523;94,19425663;-65,6150627;-134,1977838;;8,31983E-09;0,011308076;0,011308076
153590984;-0,810165592;90,158522;-58,98665314;-86,60294376;;8,65262E-09;0,012991346;0,012991346
159459868;-0,708277725;86,46505431;-60,61843664;-61,85864049;;8,98542E-09;0,010599807;0,010599807
165328752;-0,604477746;83,53838644;-58,30872784;-55,68303506;;9,31821E-09;0,009474645;0,009474645
171197636;-0,819519753;82,61709293;-58,13629601;-31,7221878;;9,651E-09;0,006845531;0,006845531
177066520;-0,445525647;82,255791;-54,77167897;-8,653697954;;9,9838E-09;0,004507095;0,004507095
182935404;-0,406563239;80,81425481;-61,22956814;30,95557959;;1,03166E-08;0,007091107;0,007091107
188804288;-0,486964105;79,21646388;-62,15825791;45,47169528;;1,06494E-08;0,00798594;0,00798594
194673172;-0,654832645;77,00932643;-57,97190495;49,13895044;;1,09822E-08;0,006444012;0,006444012
200542056;-0,823887142;74,46456217;-59,83994289;42,94801856;;1,1315E-08;0,006634002;0,006634002
206410940;-0,966678757;70,9554303;-65,46166634;60,79482702;;1,16478E-08;0,004887105;0,004887105
212279824;-1,064402431;67,27717733;-61,5045322;57,83289305;;1,19806E-08;0,003214212;0,003214212
218148708;-1,220425559;64,72574897;-55,71594826;89,4542744;;1,23134E-08;0,004309955;0,004309955
224017592;-0,922506437;62,82638143;-56,85266765;82,65469134;;1,26461E-08;0,004135544;0,004135544
229886476;-0,71471414;60,3188717;-61,07475808;82,62738469;;1,29789E-08;0,00411095;0,00411095
235755360;-0,607374347;58,61720896;-55,94611759;65,1753513;;1,33117E-08;0,00430624;0,00430624
241624244;-0,65026925;56,99580694;-58,08595747;104,9840727;;1,36445E-08;0,002184747;0,002184747
247493128;-0,677995528;56,60063689;-54,68995588;84,49841542;;1,39773E-08;0,002528147;0,002528147
253362012;-0,738355311;54,98485153;-56,68810928;114,7378257;;1,43101E-08;0,003410859;0,003410859
259230896;-0,841829996;52,98458161;-58,46288444;-365,0549863;;1,46429E-08;0,002595649;0,002595649
265099780;-0,952793663;50,24053497;-60,49420617;-361,0052594;;1,49757E-08;0,004363848;0,004363848
270968664;-1,033597066;47,30720189;-53,10471434;-158,07073;;1,53085E-08;0,004602385;0,004602385
276837548;-1,09686872;44,38913064;-59,61819721;161,5269064;;1,56413E-08;0,002402638;0,002402638
282706432;-1,062684742;43,17986004;-57,98718466;-128,2338486;;1,59741E-08;0,002181913;0,002181913
288575316;-0,766053658;41,27245397;-52,6173481;-104,9055067;;1,63069E-08;0,002697792;0,002697792
294444200;-0,644435299;39,04943758;-57,31788742;-89,95769888;;1,66397E-08;0,001466472;0,001466472
300313084;-0,602202687;37,13028274;-62,76521109;-104,3285778;;1,69725E-08;0,002293992;0,002293992
306181968;-0,665845058;35,50761638;-54,78483046;-72,23527639;;1,73052E-08;0,00309013;0,00309013
312050852;-0,74419672;33,7398091;-58,27928695;-33,35083781;;1,7638E-08;0,002305422;0,002305422
317919736;-0,902894415;31,89270537;-54,9684645;-6,932968737;;1,79708E-08;0,001623645;0,001623645
323788620;-0,987548;30,02249879;-52,28525243;-13,06601441;;1,83036E-08;0,002483333;0,002483333
329657504;-1,011926772;27,5600163;-53,14358478;-5,354083851;;1,86364E-08;0,002726838;0,002726838
335526388;-1,038559631;24,83277128;-57,48053182;30,2583294;;1,89692E-08;0,001907033;0,001907033
341395272;-1,036072981;22,31651984;-57,81342978;12,24140183;;1,9302E-08;0,001039303;0,001039303
347264156;-0,973759632;19,7418485;-60,23254327;90,28063128;;1,96348E-08;0,001146376;0,001146376
353133040;-0,941655171;17,46964544;-57,90286048;30,07931531;;1,99676E-08;0,000523017;0,000523017
359001924;-0,934283126;15,17542326;-59,07637238;60,27480418;;2,03004E-08;0,001566467;0,001566467
364870808;-0,935874049;13,04637696;-63,49661929;99,69032944;;2,06332E-08;0,002545958;0,002545958
370739692;-0,966382649;10,74816669;-60,64121181;75,25816938;;2,0966E-08;0,002939888;0,002939888
376608576;-1,040291216;8,223052492;-65,38968854;83,1216192;;2,12988E-08;0,003380927;0,003380927
382477460;-1,099519227;5,47009784;-54,77348245;122,8609136;;2,16316E-08;0,003911316;0,003911316
388346344;-1,190071359;2,405210583;-60,66331468;150,9120631;;2,19644E-08;0,003774282;0,003774282
394215228;-1,26106201;-0,471137531;-54,85571943;-370,1209294;;2,22971E-08;0,004186658;0,004186658
400084112;-1,333463183;-3,610124193;-52,98418896;163,5338008;;2,26299E-08;0,004509403;0,004509403
405952996;-1,449260803;-6,4437858;-53,40003795;-162,3871866;;2,29627E-08;0,004459731;0,004459731
411821880;-1,601503265;-9,659815025;-54,87209583;-152,4167125;;2,32955E-08;0,004454489;0,004454489
417690764;-1,805240176;-13,18425918;-54,322705;-124,8305197;;2,36283E-08;0,004901441;0,004901441
423559648;-2,039024647;-17,18874485;-54,95054661;-85,66925522;;2,39611E-08;0,004398479;0,004398479
429428532;-2,261874868;-21,50391194;-52,09951166;-99,471424;;2,42939E-08;0,004564244;0,004564244
435297416;-2,524281625;-25,87596703;-54,25803568;-63,85861678;;2,46267E-08;0,005027233;0,005027233
441166300;-2,720211787;-30,39933636;-59,11460215;-31,70490558;;2,49595E-08;0,004475571;0,004475571
447035184;-3,010250724;-34,77751047;-55,14339313;-34,47417295;;2,52923E-08;0,004342131;0,004342131
452904068;-3,460541622;-38,09589245;-55,09284217;-31,8590068;;2,56251E-08;0,004567966;0,004567966
458772952;-4,056469087;-42,45436113;-61,13364134;7,184300475;;2,59579E-08;0,00392124;0,00392124
464641836;-4,89319005;-46,45119917;-60,80200506;30,38229257;;2,62907E-08;0,003363625;0,003363625
470510720;-5,866444929;-51,5942191;-55,65199768;63,30436608;;2,66235E-08;0,003363588;0,003363588
476379604;-7,195240087;-57,98335527;-55,81065131;115,3030888;;2,69563E-08;0,002761959;0,002761959
482248488;-8,755033591;-64,35655944;-54,92332376;113,6409144;;2,7289E-08;0,002464974;0,002464974
488117372;-10,72254793;-71,99418086;-52,86607771;125,5764119;;2,76218E-08;0,002245081;0,002245081
493986256;-13,69198562;-76,16329246;-51,42594654;135,486348;;2,79546E-08;0,001926376;0,001926376
499855140;-17,88044659;-75,30912533;-50,10069194;123,2649776;;2,82874E-08;0,001546648;0,001546648
505724024;-23,9329725;-34,46799357;-49,17224184;124,3231917;;2,86202E-08;0,001481744;0,001481744
511592908;-20,43654399;7,342291599;-49,82387663;120,6091565;;2,8953E-08;0,001378907;0,001378907
517461792;-18,66234659;16,27062564;-54,06826805;143,915191;;2,92858E-08;0,001340952;0,001340952
523330676;-17,5983958;28,25262601;-56,59815874;144,2161031;;2,96186E-08;0,001542978;0,001542978
529199560;-15,63105388;36,95228983;-53,07090192;127,6541495;;2,99514E-08;0,001672929;0,001672929
535068444;-13,7863628;37,30627819;-57,79578216;124,3102078;;3,02842E-08;0,002030687;0,002030687
540937328;-12,93529509;34,57837512;-53,51710524;131,3047118;;3,0617E-08;0,001998478;0,001998478
546806212;-12,26342744;37,84564065;-58,25673651;163,2830956;;3,09498E-08;0,002539491;0,002539491
552675096;-11,24670738;39,11312118;-74,65846788;27,61936684;;3,12826E-08;0,002930362;0,002930362
558543980;-10,30433171;40,59580102;-61,93257153;3,03962907;;3,16154E-08;0,002684435;0,002684435
564412864;-9,427046631;41,29758036;-59,11013953;-12,00729061;;3,19482E-08;0,003359858;0,003359858
570281748;-8,624313555;40,21941994;-57,04527885;-27,36685822;;3,22809E-08;0,003626693;0,003626693
576150632;-8,199529445;39,54542858;-56,50975657;-25,2903958;;3,26137E-08;0,003168193;0,003168193
582019516;-7,685833055;38,22783739;-53,12098348;29,95551679;;3,29465E-08;0,003420255;0,003420255
587888400;-7,36634029;36,55124188;-52,49701239;24,27168421;;3,32793E-08;0,003545943;0,003545943
593757284;-6,82829816;34,80539207;-51,51657468;30,3723465;;3,36121E-08;0,003067278;0,003067278
599626168;-6,396484981;32,1245464;-55,46998856;30,34885264;;3,39449E-08;0,003264117;0,003264117
605495052;-5,882903908;29,95504936;-51,10544677;51,2409394;;3,42777E-08;0,003646184;0,003646184
611363936;-5,456133118;27,67930572;-55,2303823;45,11386511;;3,46105E-08;0,003221594;0,003221594
617232820;-4,995029375;25,57758249;-56,08398403;43,95731765;;3,49433E-08;0,003258664;0,003258664
623101704;-4,70610991;24,41075763;-54,47795712;44,89362588;;3,52761E-08;0,003558558;0,003558558
628970588;-4,405462652;22,44322707;-57,7568377;76,77006032;;3,56089E-08;0,002981772;0,002981772
634839472;-4,177876678;21,08126856;-55,72407563;86,82152279;;3,59417E-08;0,002930019;0,002930019
640708356;-4,009830786;19,07998684;-57,23198419;83,15072534;;3,62745E-08;0,002921333;0,002921333
646577240;-3,842527934;16,89767638;-57,55446182;84,5958176;;3,66073E-08;0,002333624;0,002333624
652446124;-3,722970445;14,61833874;-53,39886576;123,717663;;3,69401E-08;0,002221932;0,002221932
658315008;-3,487753736;12,51903617;-57,27672703;89,22833078;;3,72728E-08;0,001889753;0,001889753
664183892;-3,394850585;10,0744354;-68,29992692;-12,33207522;;3,76056E-08;0,001447602;0,001447602
670052776;-3,182734444;8,240228606;-62,2865681;105,4446394;;3,79384E-08;0,001245734;0,001245734
675921660;-3,079721956;6,265733331;-62,32077425;155,3247565;;3,82712E-08;0,000865534;0,000865534
681790544;-2,944608926;4,165223079;-70,94129579;99,81278689;;3,8604E-08;0,000789752;0,000789752
687659428;-2,871732547;2,384249909;-56,66940126;-163,780521;;3,89368E-08;0,000235438;0,000235438
693528312;-2,816760494;0,735909414;-60,11910777;-364,9873871;;3,92696E-08;0,000387182;0,000387182
699397196;-2,773441097;-1,040863271;-57,20336401;-111,55841;;3,96024E-08;0,000627215;0,000627215
705266080;-2,722667027;-3,067511735;-72,52634141;-121,093207;;3,99352E-08;0,000700129;0,000700129
711134964;-2,643320433;-4,811066247;-59,12524688;-88,33219502;;4,0268E-08;0,000812997;0,000812997
717003848;-2,541715321;-6,568932999;-58,42814826;-89,19250999;;4,06008E-08;0,001061394;0,001061394
722872732;-2,470478242;-8,186160548;-61,61001886;-57,66744022;;4,09336E-08;0,000833761;0,000833761
728741616;-2,391161704;-9,406461624;-60,41112755;-13,62227842;;4,12664E-08;0,000820424;0,000820424
734610500;-2,352313331;-11,05555765;-54,33692169;-48,22528808;;4,15992E-08;0,001310603;0,001310603
740479384;-2,352439674;-12,40199069;-51,64364251;3,450244681;;4,19319E-08;0,00093352;0,00093352
746348268;-2,339634892;-13,99871793;-67,00466813;16,04524939;;4,22647E-08;0,000697;0,000697
752217152;-2,302681421;-15,737661;-58,44170146;24,85586239;;4,25975E-08;0,001375565;0,001375565
758086036;-2,310573544;-17,38043182;-59,88439205;54,37966604;;4,29303E-08;0,000659541;0,000659541
763954920;-2,223260463;-19,52816163;-54,94953749;51,7667675;;4,32631E-08;0,000673276;0,000673276
769823804;-2,182917838;-21,16663899;-60,04156912;43,15995849;;4,35959E-08;0,001077672;0,001077672
775692688;-2,057124207;-23,16184174;-57,6570433;82,24643386;;4,39287E-08;0,000900786;0,000900786
781561572;-1,988755703;-24,37725625;-55,57316811;54,39072457;;4,42615E-08;0,000892235;0,000892235
787430456;-1,917798933;-25,39355167;-56,20559736;72,61918768;;4,45943E-08;0,000985453;0,000985453
793299340;-1,898299253;-26,39195651;-56,63395462;75,01146503;;4,49271E-08;0,000823162;0,000823162
799168224;-1,955931859;-27,60440427;-52,03322403;116,0110862;;4,52599E-08;0,000861071;0,000861071
805037108;-2,006602629;-28,99678664;-55,92217568;129,4459778;;4,55927E-08;0,001089854;0,001089854
810905992;-2,069939719;-30,77050333;-51,94697532;106,2913598;;4,59255E-08;0,000800378;0,000800378
816774876;-2,105063907;-33,32827015;-55,5942841;143,7638618;;4,62583E-08;0,001015095;0,001015095
822643760;-2,02741997;-35,58298441;-57,93316496;131,5256992;;4,65911E-08;0,001018823;0,001018823
828512644;-1,947492718;-37,60898877;-56,11580888;-165,1869727;;4,69238E-08;0,000588798;0,000588798
834381528;-1,804161043;-39,38622797;-56,15831019;-165,9012783;;4,72566E-08;0,001016592;0,001016592
840250412;-1,63130779;-40,29355633;-58,38070709;-146,9138757;;4,75894E-08;0,001110403;0,001110403
846119296;-1,612365035;-41,30747568;-58,45492955;168,9984456;;4,79222E-08;0,001099155;0,001099155
851988180;-1,620920102;-42,26600127;-61,28033125;-134,3277718;;4,8255E-08;0,001544336;0,001544336
857857064;-1,732562588;-43,22128131;-56,93362679;-34,07087099;;4,85878E-08;0,001561011;0,001561011
863725948;-1,862455116;-44,89074747;-54,46255716;-53,18549451;;4,89206E-08;0,00189424;0,00189424
869594832;-1,979404266;-46,9104267;-54,21908625;-23,04359292;;4,92534E-08;0,002037027;0,002037027
875463716;-2,153506585;-49,49071241;-51,22810364;-14,87796443;;4,95862E-08;0,001940941;0,001940941
881332600;-2,111804437;-52,18891198;-55,61138452;6,658021439;;4,9919E-08;0,00208269;0,00208269
887201484;-2,058023057;-55,20147243;-52,69164612;36,52099737;;5,02518E-08;0,002001592;0,002001592
893070368;-1,890828252;-57,21624376;-51,81011173;63,793419;;5,05846E-08;0,001736526;0,001736526
898939252;-1,80073163;-59,04532391;-51,21136314;57,67255154;;5,09174E-08;0,001906297;0,001906297
904808136;-1,624503293;-60,60702319;-51,26075305;47,50928612;;5,12502E-08;0,001759762;0,001759762
910677020;-1,601561912;-61,55267847;-52,16404179;70,55883893;;5,1583E-08;0,001453201;0,001453201
916545904;-1,564535923;-62,23736017;-51,95717202;101,4809429;;5,19157E-08;0,001334985;0,001334985
922414788;-1,817641952;-63,04551513;-55,75597099;129,140361;;5,22485E-08;0,00152473;0,00152473
928283672;-1,944580903;-65,22828855;-51,44471929;131,6138122;;5,25813E-08;0,001177365;0,001177365
934152556;-2,090134593;-67,19268417;-50,8958402;131,0931227;;5,29141E-08;0,000898239;0,000898239
940021440;-2,270522395;-70,06263898;-51,23495746;150,2173097;;5,32469E-08;0,001270107;0,001270107
945890324;-2,292033435;-73,20590726;-51,37682161;-365,1298846;;5,35797E-08;0,000830674;0,000830674
951759208;-2,239689533;-76,32984589;-53,21974214;155,2772349;;5,39125E-08;0,000834145;0,000834145
957628092;-2,063741483;-78,8771967;-51,29949396;-165,696722;;5,42453E-08;0,001099813;0,001099813
963496976;-1,92074108;-80,87153364;-50,63993565;-153,7187053;;5,45781E-08;0,001161342;0,001161342
969365860;-1,81297366;-81,76449505;-52,7247708;-123,1098256;;5,49109E-08;0,001234258;0,001234258
975234744;-1,874532942;-82,7865011;-52,88918315;-104,6594565;;5,52437E-08;0,001353757;0,001353757
981103628;-1,994861817;-83,48911466;-49,82417319;-106,7259258;;5,55765E-08;0,001889787;0,001889787
986972512;-2,212749124;-84,83922283;-56,89382856;-64,99098682;;5,59093E-08;0,001526369;0,001526369
992841396;-2,480373163;-87,38633729;-52,11412563;-65,01851769;;5,62421E-08;0,001969326;0,001969326
998710280;-2,641289096;-89,8801273;-51,31400638;-53,91013485;;5,65749E-08;0,002596164;0,002596164
1004579164;-2,8036847;-93,54500606;-51,18566593;-24,72718623;;5,69076E-08;0,002067238;0,002067238
1010448048;-2,865588908;-96,47056643;-52,74683217;2,853231053;;5,72404E-08;0,00229053;0,00229053
1016316932;-2,781412482;-99,31017866;-49,38578502;21,55781795;;5,75732E-08;0,002831653;0,002831653
1022185816;-2,669482743;-101,1743595;-50,9943621;31,54755429;;5,7906E-08;0,002577693;0,002577693
1028054700;-2,609816568;-102,8252454;-50,62425669;42,42877352;;5,82388E-08;0,002732038;0,002732038
1033923584;-2,535876969;-103,5032856;-48,90696678;57,07324745;;5,85716E-08;0,003105184;0,003105184
1039792468;-2,535876969;-103,5032856;-48,90696678;57,07324745;;5,89044E-08;0,0027903;0,0027903
1045661352;-2,535876969;-103,5032856;-48,90696678;57,07324745;;5,92372E-08;0,002594439;0,002594439
1051530236;-2,535876969;-103,5032856;-48,90696678;57,07324745;;5,957E-08;0,002993224;0,002993224
1057399120;-3,082833269;-113,1972885;-49,67578732;62,52946331;;5,99028E-08;0,002732231;0,002732231
1063268004;-3,172728722;-113,9699993;-49,65706209;59,99193582;;6,02356E-08;0,002282618;0,002282618
1069136888;-3,3744113;-115,8460078;-50,46180634;54,74668507;;6,05684E-08;0,00269984;0,00269984
1075005772;-3,677435154;-117,3696666;-48,45117868;65,15174568;;6,09012E-08;0,002198777;0,002198777
1080874656;-3,950726015;-120,6005386;-49,64700822;90,05352654;;6,1234E-08;0,002011184;0,002011184
1086743540;-4,337331613;-123,7486733;-51,32665214;94,15556956;;6,15668E-08;0,002121198;0,002121198
1092612424;-4,329019245;-127,5865697;-50,26730197;118,2688016;;6,18995E-08;0,001684316;0,001684316
1098481308;-4,381359578;-131,1263138;-54,47772103;146,8562406;;6,22323E-08;0,001425505;0,001425505
1104350192;-4,395305808;-134,5054958;-53,2228453;155,0251954;;6,25651E-08;0,00156133;0,00156133
1110219076;-4,375811686;-137,3041841;-50,63167429;-166,9005554;;6,28979E-08;0,001242549;0,001242549
1116087960;-4,381656881;-139,0186318;-47,45401269;-177,0930681;;6,32307E-08;0,000940204;0,000940204
1121956844;-4,456675069;-140,5738624;-49,33851852;-151,6599529;;6,35635E-08;0,000870778;0,000870778
1127825728;-4,690304746;-142,2844673;-50,52240234;-135,4632702;;6,38963E-08;0,000689106;0,000689106
1133694612;-4,928977413;-145,3882908;-50,38904194;-166,6236107;;6,42291E-08;0,000173957;0,000173957
1139563496;-5,156678276;-148,0767807;-50,34074836;-145,5703003;;6,45619E-08;0,000304373;0,000304373
1145432380;-5,394796614;-151,418732;-50,21304538;-102,0761066;;6,48947E-08;0,000201214;0,000201214
1151301264;-5,578111365;-154,960796;-53,04094604;-148,8851098;;6,52275E-08;0,00038111;0,00038111
1157170148;-5,722804146;-158,1053325;-49,86364819;-110,3635783;;6,55603E-08;0,000392776;0,000392776
1163039032;-5,818045;-161,0330893;-49,26100111;-76,43954894;;6,58931E-08;0,000913041;0,000913041
1168907916;-5,991775317;-163,7351835;-56,83751376;6,041986251;;6,62259E-08;0,001043688;0,001043688
1174776800;-6,119274036;-166,2289018;-57,65101575;-25,1695689;;6,65587E-08;0,000908337;0,000908337
1180645684;-6,367814237;-168,6996916;-51,38924639;18,85192396;;6,68914E-08;0,001244978;0,001244978
1186514568;-6,548901235;-172,3044021;-53,04434364;61,57279616;;6,72242E-08;0,001436202;0,001436202
1192383452;-6,840064513;-174,5951472;-54,0442366;96,41867514;;6,7557E-08;0,001491563;0,001491563
1198252336;-6,984392751;-178,0823024;-51,52827714;71,35820255;;6,78898E-08;0,00139724;0,00139724
1204121220;-7,175522767;178,5371177;-52,64266106;112,4882647;;6,82226E-08;0,001472665;0,001472665
1209990104;-7,377893428;175,4881889;-49,65462077;97,64900014;;6,85554E-08;0,001450257;0,001450257
1215858988;-7,431582724;172,5340369;-48,76942587;105,0988841;;6,88882E-08;0,001468216;0,001468216
1221727872;-7,64241411;170,6312999;-49,10412927;129,3909481;;6,9221E-08;0,00180915;0,00180915
1227596756;-7,714657238;166,4217743;-48,35093386;132,4848287;;6,95538E-08;0,001184324;0,001184324
1233465640;-7,951692615;164,4426024;-51,3930469;122,6739049;;6,98866E-08;0,001249938;0,001249938
1239334524;-8,109885896;161,0968297;-49,69556256;125,1951851;;7,02194E-08;0,00123044;0,00123044
1245203408;-8,201822865;157,755987;-56,01008842;158,2862701;;7,05522E-08;0,000959251;0,000959251
1251072292;-8,406696489;154,1554851;-49,17326384;-153,9733578;;7,0885E-08;0,00095479;0,00095479
1256941176;-8,490181393;150,4734392;-51,44874996;-146,3010088;;7,12178E-08;0,001050918;0,001050918
1262810060;-8,489213191;147,8079584;-48,98058179;-132,8437465;;7,15505E-08;0,000820172;0,000820172
1268678944;-8,424614313;145,3141047;-51,82231059;-109,4657222;;7,18833E-08;0,000806529;0,000806529
1274547828;-8,621355295;142,6538036;-49,82619739;-112,6039605;;7,22161E-08;0,000822406;0,000822406
1280416712;-8,866813241;140,3735262;-51,63026584;-101,0475277;;7,25489E-08;0,000890942;0,000890942
1286285596;-9,078689418;137,7322834;-49,18350385;-67,72746998;;7,28817E-08;0,001152582;0,001152582
1292154480;-9,230257229;133,8253344;-48,66823186;-83,50878244;;7,32145E-08;0,00104204;0,00104204
1298023364;-9,508246715;130,7327672;-49,98400656;-88,85633827;;7,35473E-08;0,001182016;0,001182016
1303892248;-9,581277801;127,4766503;-58,36273949;-16,29214667;;7,38801E-08;0,001593158;0,001593158
1309761132;-9,791514497;123,1419151;-61,10921791;-41,21517724;;7,42129E-08;0,001211563;0,001211563
1315630016;-9,713128255;121,0377003;-49,67909273;-28,86273344;;7,45457E-08;0,001228958;0,001228958
1321498900;-9,629217548;118,5622831;-61,7837109;137,6458706;;7,48785E-08;0,00176201;0,00176201
1327367784;-9,68751612;117,9352627;-55,88306493;151,4857128;;7,52113E-08;0,001337987;0,001337987
1333236668;-9,909759222;116,5976103;-59,78005363;-360,9407581;;7,55441E-08;0,001326995;0,001326995
1339105552;-10,36870312;113,8477627;-52,39728862;119,9751667;;7,58769E-08;0,001863257;0,001863257
1344974436;-10,48129581;112,0854652;-51,21340431;147,416978;;7,62097E-08;0,001224464;0,001224464
1350843320;-10,74294179;109,1489022;-49,36674878;-364,6378956;;7,65424E-08;0,001435453;0,001435453
1356712204;-10,9390608;104,9666167;-45,13873474;-368,2373079;;7,68752E-08;0,001777212;0,001777212
1362581088;-10,96482255;101,076612;-48,08087826;150,6970085;;7,7208E-08;0,001148073;0,001148073
1368449972;-10,92903881;97,90554907;-43,20509665;-178,8755681;;7,75408E-08;0,001336964;0,001336964
1374318856;-10,90093173;95,99667812;-48,51706728;-367,6584508;;7,78736E-08;0,001461018;0,001461018
1380187740;-10,95257512;93,64971361;-43,05074701;-167,3754824;;7,82064E-08;0,00103226;0,00103226
1386056624;-11,03281398;92,81315549;-47,30719235;-154,1408885;;7,85392E-08;0,001002152;0,001002152
1391925508;-11,11052825;90,66639734;-47,52871872;-143,4878685;;7,8872E-08;0,000957835;0,000957835
1397794392;-11,45598266;90,25795926;-62,44305591;-134,6843686;;7,92048E-08;0,000582243;0,000582243
1403663276;-11,6183417;86,334013;-51,64009381;-134,5394637;;7,95376E-08;0,000425868;0,000425868
1409532160;-11,58156077;83,65483915;-58,20382109;-131,6257216;;7,98704E-08;0,000555963;0,000555963
1415401044;-11,89231777;81,59333974;-51,98311482;-95,54870382;;8,02032E-08;0,000333194;0,000333194
1421269928;-11,69938976;78,76668093;-51,33320658;-47,11135488;;8,0536E-08;0,000237008;0,000237008
1427138812;-11,61569342;75,9408463;-52,37586725;-12,90154381;;8,08688E-08;0,000123064;0,000123064
1433007696;-11,42356428;76,07652792;-44,59874825;-28,39186712;;8,12016E-08;0,000706955;0,000706955
1438876580;-11,3282044;74,51264852;-44,91013733;15,47062646;;8,15343E-08;0,000380101;0,000380101
1444745464;-11,42822891;75,87435884;-48,48290269;-2,063833777;;8,18671E-08;0,000394563;0,000394563
1450614348;-11,48805181;73,38093919;-48,33852725;12,47010261;;8,21999E-08;0,001147952;0,001147952
1456483232;-11,58503782;72,33580372;-46,78362237;33,29189199;;8,25327E-08;0,000674343;0,000674343
1462352116;-11,86777894;72,85840647;-43,70943123;56,8944459;;8,28655E-08;0,000803918;0,000803918
1468221000;-12,07656672;71,20921607;-43,57846985;55,4265003;;8,31983E-08;0,001588549;0,001588549
1474089884;-12,47551566;69,05891559;-43,39513682;39,63579867;;8,35311E-08;0,001282206;0,001282206
1479958768;-12,37209183;68,48579949;-44,44469798;99,37292107;;8,38639E-08;0,001411565;0,001411565
1485827652;-12,55094488;66,40843417;-45,17020705;124,4765602;;8,41967E-08;0,002062812;0,002062812
1491696536;-12,40666189;66,97078313;-42,62615199;124,8192169;;8,45295E-08;0,001776117;0,001776117
1497565420;-12,66804349;66,10242422;-40,52666482;128,7294946;;8,48623E-08;0,001799335;0,001799335
1503434304;-12,82007515;66,05586858;-46,06577268;158,2545233;;8,51951E-08;0,002169784;0,002169784
1509303188;-12,64848317;65,97555831;-42,15480671;164,7803305;;8,55279E-08;0,001906718;0,001906718
1515172072;-13,07905261;65,19104056;-45,37653069;164,8710393;;8,58607E-08;0,001995178;0,001995178
1521040956;-13,07905261;65,19104056;-45,37653069;164,8710393;;8,61935E-08;0,002073357;0,002073357
1526909840;-13,07905261;65,19104056;-45,37653069;164,8710393;;8,65262E-08;0,001732281;0,001732281
1532778724;-13,07905261;65,19104056;-45,37653069;164,8710393;;8,6859E-08;0,001821527;0,001821527
1538647608;-12,8493014;58,09422878;-46,37600638;-14,96510477;;8,71918E-08;0,00201363;0,00201363
1544516492;-12,6550687;55,71310297;-44,57127985;46,39061969;;8,75246E-08;0,001513573;0,001513573
1550385376;-13,01235756;56,54223652;-45,62804877;55,74205792;;8,78574E-08;0,001115855;0,001115855
1556254260;-12,82485444;56,78513765;-49,1493185;14,14848638;;8,81902E-08;0,00148396;0,00148396
1562123144;-12,87819681;54,84760338;-48,60022974;49,81325792;;8,8523E-08;0,000949428;0,000949428
1567992028;-12,95635783;54,68330872;-49,4318816;138,0991154;;8,88558E-08;0,000573345;0,000573345
1573860912;-13,02735761;52,75208347;-45,21585092;125,6140418;;8,91886E-08;0,00084747;0,00084747
1579729796;-12,52977689;53,51527745;-44,5948574;137,2828876;;8,95214E-08;0,000377583;0,000377583
1585598680;-12,43738445;55,10054821;-39,16485485;142,1200861;;8,98542E-08;0,000259999;0,000259999
1591467564;-12,20576281;56,38140586;-43,33969989;162,3142893;;9,0187E-08;0,000494852;0,000494852
1597336448;-12,03268043;55,99504479;-48,53658646;-367,1853389;;9,05198E-08;0,000480226;0,000480226
1603205332;-12,01081833;56,30860216;-46,41721936;167,3575918;;9,08526E-08;0,000592924;0,000592924
1609074216;-12,03255107;54,72819351;-45,73958584;-161,1943995;;9,11854E-08;0,000815228;0,000815228
1614943100;-12,3627781;54,17524478;-43,02288678;-99,86619606;;9,15181E-08;0,00111464;0,00111464
1620811984;-11,81109351;53,59760495;-41,35897981;-74,79851097;;9,18509E-08;0,000890001;0,000890001
1626680868;-11,55348788;52,77927742;-43,17941642;-90,56424022;;9,21837E-08;0,00119061;0,00119061
1632549752;-11,37447594;53,13475692;-42,6483613;-112,0587796;;9,25165E-08;0,00161106;0,00161106
1638418636;-11,02468102;54,23085638;-41,5943145;-80,16473829;;9,28493E-08;0,001162683;0,001162683
1644287520;-11,02415509;55,43070316;-43,12530714;-65,44402851;;9,31821E-08;0,001486062;0,001486062
1650156404;-10,76663675;55,60512322;-39,86176417;-46,60274419;;9,35149E-08;0,001998828;0,001998828
1656025288;-10,55005172;55,74432645;-38,42187081;-30,76687265;;9,38477E-08;0,001627389;0,001627389
1661894172;-10,80102685;56,59133026;-40,5973839;-30,88765526;;9,41805E-08;0,001563752;0,001563752
1667763056;-10,5369876;56,36385667;-45,16671747;-9,312697038;;9,45133E-08;0,002082165;0,002082165
1673631940;-10,4787467;54,82704965;-45,92014295;-12,05017398;;9,48461E-08;0,001937747;0,001937747
1679500824;-10,18915603;53,92126168;-49,93044217;-80,50090656;;9,51789E-08;0,001634496;0,001634496
1685369708;-10,22542836;54,11330345;-41,45574503;24,92450502;;9,55117E-08;0,002003868;0,002003868
1691238592;-10,19614248;53,08908816;-44,36885511;25,77316847;;9,58445E-08;0,001731752;0,001731752
1697107476;-9,845453475;52,3856302;-49,06059728;47,68849709;;9,61773E-08;0,001528123;0,001528123
1702976360;-9,595514414;52,10546784;-45,0276056;71,39375247;;9,651E-08;0,001763794;0,001763794
1708845244;-9,379517605;53,36121272;-42,15251789;73,04980722;;9,68428E-08;0,001509032;0,001509032
1714714128;-9,468553483;53,06966299;-44,71598588;138,9697448;;9,71756E-08;0,001378403;0,001378403
1720583012;-9,119709295;52,45014188;-46,44833858;167,0319435;;9,75084E-08;0,001577243;0,001577243
1726451896;-9,146910746;51,19983325;-45,65806692;133,2886569;;9,78412E-08;0,001367381;0,001367381
1732320780;-9,106574547;51,9315503;-41,23412824;157,5912644;;9,8174E-08;0,00107119;0,00107119
1738189664;-9,144347899;52,87208773;-40,84743904;-157,3120503;;9,85068E-08;0,001285894;0,001285894
1744058548;-8,894706964;49,14717762;-43,54014856;-360,2575159;;9,88396E-08;0,001041094;0,001041094
1749927432;-8,800731219;49,31371158;-48,07825795;-142,7164112;;9,91724E-08;0,000923423;0,000923423
1755796316;-8,587325232;47,01777473;-57,493505;-168,5422636;;9,95052E-08;0,001098858;0,001098858
1761665200;-8,228911993;46,79756111;-46,63207983;-117,4783604;;9,9838E-08;0,000652126;0,000652126
1767534084;-7,953188579;45,33113254;-46,10945137;-142,0603319;;1,00171E-07;0,000954068;0,000954068
1773402968;-7,773050135;45,81479475;-45,51793835;-144,0016911;;1,00504E-07;0,001040056;0,001040056
1779271852;-7,584287514;45,10052575;-42,94460916;-75,16928405;;1,00836E-07;0,000793609;0,000793609
1785140736;-7,415579654;45,4311889;-43,89522844;-76,49978644;;1,01169E-07;0,001031448;0,001031448
1791009620;-7,324296646;44,53468636;-46,54367163;-49,01880388;;1,01502E-07;0,001228097;0,001228097
1796878504;-7,254880831;43,92082308;-45,29439407;-37,39611004;;1,01835E-07;0,001021518;0,001021518
1802747388;-7,263449157;42,57397855;-42,6952065;-42,82747072;;1,02168E-07;0,001398964;0,001398964
1808616272;-7,086825203;40,90313226;-43,01792612;-22,71077498;;1,025E-07;0,001407141;0,001407141
1814485156;-7,002636915;38,44417621;-40,70636626;8,454304799;;1,02833E-07;0,001265052;0,001265052
1820354040;-6,721173887;36,81763974;-45,35915001;20,64463448;;1,03166E-07;0,001556668;0,001556668
1826222924;-6,587996584;36,63001249;-52,37651437;-15,80759164;;1,03499E-07;0,001522713;0,001522713
1832091808;-6,575233194;35,30865357;-40,3482985;41,24874402;;1,03831E-07;0,001333134;0,001333134
1837960692;-6,237540125;34,09483524;-53,57275787;20,02461938;;1,04164E-07;0,001627847;0,001627847
1843829576;-6,356162464;33,98182626;-53,41374678;43,70518243;;1,04497E-07;0,001373001;0,001373001
1849698460;-6,479248938;33,46450295;-43,1610341;87,71345142;;1,0483E-07;0,001064994;0,001064994
1855567344;-6,190136665;30,63331401;-42,86588765;138,7917785;;1,05163E-07;0,001283521;0,001283521
1861436228;-6,094867095;29,00573005;-40,5770146;164,2954407;;1,05495E-07;0,001126253;0,001126253
1867305112;-6,211064916;27,81345191;-44,50518837;-163,2822175;;1,05828E-07;0,00111529;0,00111529
1873173996;-6,093232466;26,2601197;-43,22991243;-177,700764;;1,06161E-07;0,000819111;0,000819111
1879042880;-5,98111718;23,27008012;-37,79441888;-152,6654424;;1,06494E-07;0,000700855;0,000700855
1884911764;-5,802510189;23,33556105;-41,53702816;-146,3691451;;1,06827E-07;0,001016176;0,001016176
1890780648;-5,358799211;21,99186627;-51,5385507;-178,5706999;;1,07159E-07;0,000837768;0,000837768
1896649532;-5,314453545;19,56841617;-42,37134247;-114,3916962;;1,07492E-07;0,001084905;0,001084905
1902518416;-5,099645994;18,84626587;-38,28379269;-119,1739289;;1,07825E-07;0,001498718;0,001498718
1908387300;-5,080795879;18,75759548;-38,70230428;-93,67184801;;1,08158E-07;0,001185372;0,001185372
1914256184;-4,785608692;18,15060645;-39,84267534;-108,0289789;;1,08491E-07;0,001415116;0,001415116
1920125068;-4,860385285;17,14289596;-38,67158398;-87,74762222;;1,08823E-07;0,001923837;0,001923837
1925993952;-4,807991921;16,68731103;-42,49588517;-67,66722558;;1,09156E-07;0,001539539;0,001539539
1931862836;-4,882181911;16,13187175;-40,62081273;-5,823043721;;1,09489E-07;0,001652854;0,001652854
1937731720;-4,881928866;14,16823156;-40,77829901;0,964131218;;1,09822E-07;0,002153519;0,002153519
1943600604;-4,779536275;13,329806;-38,76805805;7,70186095;;1,10155E-07;0,001811589;0,001811589
1949469488;-4,75798954;11,70776845;-40,35388204;10,59877767;;1,10487E-07;0,001547458;0,001547458
1955338372;-4,75776555;10,57311892;-42,00364358;13,50690215;;1,1082E-07;0,002423718;0,002423718
1961207256;-4,565622599;9,078698086;-41,27748353;22,12622091;;1,11153E-07;0,001993617;0,001993617
1967076140;-4,536920756;8,521597489;-41,62218711;28,4665833;;1,11486E-07;0,001782623;0,001782623
1972945024;-4,493124561;6,60568006;-43,42174757;69,93922301;;1,11819E-07;0,002328792;0,002328792
1978813908;-4,718594386;5,381220132;-50,79182089;105,4720014;;1,12151E-07;0,001983967;0,001983967
1984682792;-4,652065097;2,595010052;-42,35585164;81,03114766;;1,12484E-07;0,001882811;0,001882811
1990551676;-4,578854255;0,471771452;-45,27400211;93,40057525;;1,12817E-07;0,002351973;0,002351973
1996420560;-4,627047375;-0,025676487;-49,27793456;141,7325723;;1,1315E-07;0,001957152;0,001957152
2002289444;-4,47479773;-2,845457124;-41,55972288;150,1898286;;1,13482E-07;0,001879868;0,001879868
2008158328;-4,457282188;-4,818620929;-41,76040937;-363,3673098;;1,13815E-07;0,00194567;0,00194567
2014027212;-4,356483884;-6,069441232;-41,89973099;164,9034657;;1,14148E-07;0,001738366;0,001738366
2019896096;-4,490072578;-6,52474048;-39,85224467;168,6798452;;1,14481E-07;0,001498862;0,001498862
2025764980;-4,124929024;-11,06987245;-39,74490768;-147,5415012;;1,14814E-07;0,001542873;0,001542873
2031633864;-4,478490586;-10,65698797;-38,41392934;-155,2751188;;1,15146E-07;0,001434884;0,001434884
2037502748;-4,32412962;-14,45355744;-41,01939484;-139,0120299;;1,15479E-07;0,001110481;0,001110481
2043371632;-4,609011031;-14,85554072;-43,17526164;-133,0947836;;1,15812E-07;0,000914769;0,000914769
2049240516;-4,537995921;-18,2149441;-42,68598099;-77,30239166;;1,16145E-07;0,000904958;0,000904958
2055109400;-4,403996291;-19,6582702;-45,09715952;-96,2597969;;1,16478E-07;0,000598139;0,000598139
2060978284;-4,375995748;-21,8459131;-41,5851751;-78,64474478;;1,1681E-07;0,000398991;0,000398991
2066847168;-4,676138791;-24,02802263;-47,77617092;-44,79988504;;1,17143E-07;0,000513456;0,000513456
2072716052;-4,463110451;-25,46917182;-47,38779963;1,695520793;;1,17476E-07;0,000758286;0,000758286
2078584936;-4,642073677;-27,42912045;-42,60801397;-28,89928327;;1,17809E-07;0,000726611;0,000726611
2084453820;-4,705446689;-29,29086173;-39,28905377;20,20311235;;1,18142E-07;0,001037502;0,001037502
2090322704;-4,602579143;-31,74221646;-38,423837;18,86952559;;1,18474E-07;0,00113114;0,00113114
2096191588;-4,814982302;-33,05044932;-44,8097827;23,98021279;;1,18807E-07;0,001410037;0,001410037
2102060472;-4,945014886;-36,34573199;-38,83678444;35,58203118;;1,1914E-07;0,001581771;0,001581771
2107929356;-4,922357614;-38,6640705;-42,34450796;73,45335823;;1,19473E-07;0,001567848;0,001567848
2113798240;-5,068040212;-41,99489099;-37,7827325;71,32031561;;1,19806E-07;0,001931135;0,001931135
2119667124;-4,868951852;-44,83885639;-40,88343546;86,39533933;;1,20138E-07;0,002179818;0,002179818
2125536008;-4,689476314;-45,77913128;-36,4498598;84,42454876;;1,20471E-07;0,002142379;0,002142379
2131404892;-4,681741431;-46,75210285;-43,89139486;129,3484562;;1,20804E-07;0,00198118;0,00198118
2137273776;-5,073661283;-47,49163914;-44,37884253;97,75534947;;1,21137E-07;0,002364856;0,002364856
2143142660;-5,29146877;-48,52811959;-41,92238644;127,0560056;;1,2147E-07;0,002267809;0,002267809
2149011544;-5,650493346;-51,49524162;-39,56235807;-369,2246738;;1,21802E-07;0,002318052;0,002318052
2154880428;-5,743282742;-54,97671893;-41,70764137;-170,5744664;;1,22135E-07;0,002436331;0,002436331
2160749312;-5,911756072;-59,64156001;-39,40228609;-174,1460528;;1,22468E-07;0,002191902;0,002191902
2166618196;-6,549516213;-61,55764168;-42,26293457;-173,4134279;;1,22801E-07;0,002298739;0,002298739
2172487080;-6,806584404;-64,47186835;-38,10218326;-142,1907186;;1,23134E-07;0,002078324;0,002078324
2178355964;-6,621478702;-69,20164979;-41,1177989;-123,2536505;;1,23466E-07;0,001820901;0,001820901
2184224848;-6,803440309;-71,77894307;-39,96916738;-134,2558624;;1,23799E-07;0,002058132;0,002058132
2190093732;-7,332837409;-73,9635014;-38,09038124;-114,228282;;1,24132E-07;0,001705017;0,001705017
2195962616;-7,829726765;-75,61049888;-43,9871058;-105,4948957;;1,24465E-07;0,001502721;0,001502721
2201831500;-8,117494197;-81,46964469;-41,28692754;-90,6990623;;1,24797E-07;0,001864158;0,001864158
2207700384;-8,900190254;-83,13905172;-43,93940419;-63,32766524;;1,2513E-07;0,001642077;0,001642077
2213569268;-9,602682015;-83,52550245;-45,35009139;-46,27994415;;1,25463E-07;0,00128755;0,00128755
2219438152;-9,599870833;-91,71873399;-45,54675972;-61,99881084;;1,25796E-07;0,001885723;0,001885723
2225307036;-10,3967047;-98,27731743;-45,04517875;-49,49411583;;1,26129E-07;0,00160174;0,00160174
2231175920;-10,68870566;-103,8501032;-45,99280387;-18,57921017;;1,26461E-07;0,001410978;0,001410978
2237044804;-10,91349379;-111,1296582;-41,57122719;15,04660124;;1,26794E-07;0,001770239;0,001770239
2242913688;-11,19897948;-114,2295936;-41,95333689;37,44337824;;1,27127E-07;0,00192476;0,00192476
2248782572;-11,74476458;-120,2001835;-39,12474858;66,79198842;;1,2746E-07;0,001510678;0,001510678
2254651456;-11,4518034;-121,0506843;-39,16246358;59,6021163;;1,27793E-07;0,001656462;0,001656462
2260520340;-12,54031379;-126,3164387;-61,55469374;17,81557653;;1,28125E-07;0,001742617;0,001742617
2266389224;-12,98151577;-127,5485342;-42,70185513;102,9493773;;1,28458E-07;0,001456072;0,001456072
2272258108;-13,33815343;-129,9748108;-39,68018056;92,16873395;;1,28791E-07;0,001960183;0,001960183
2278126992;-13,96381239;-136,2665238;-40,10260957;114,4664834;;1,29124E-07;0,00156702;0,00156702
2283995876;-15,33775;-142,22739;-42,16593965;117,6171896;;1,29457E-07;0,001525434;0,001525434
2289864760;-17,22899116;-151,2481783;-41,73475852;160,1386714;;1,29789E-07;0,001936558;0,001936558
2295733644;-16,63019162;-154,0016324;-50,66239024;-178,5140722;;1,30122E-07;0,001550366;0,001550366
2301602528;-17,85668386;-162,2158049;-46,32772663;-132,8010399;;1,30455E-07;0,001571914;0,001571914
2307471412;-18,68098042;-176,8537258;-40,60190083;-123,9613686;;1,30788E-07;0,002070347;0,002070347
2313340296;-19,0918464;172,7658213;-38,92595175;-120,2815038;;1,31121E-07;0,001680016;0,001680016
2319209180;-21,11690189;166,5833908;-43,11516304;-77,44321999;;1,31453E-07;0,001750682;0,001750682
2325078064;-20,27155169;144,7756916;-40,41617707;-101,0161964;;1,31786E-07;0,001900511;0,001900511
2330946948;-19,50641534;138,1766641;-40,03647789;-91,73520166;;1,32119E-07;0,001434163;0,001434163
2336815832;-18,336558;128,0357072;-39,98283661;-60,32921068;;1,32452E-07;0,001961701;0,001961701
2342684716;-18,18821243;119,3324234;-41,94810559;-62,88430122;;1,32785E-07;0,001589446;0,001589446
2348553600;-17,37989086;112,6120225;-39,42008623;-65,44120924;;1,33117E-07;0,0013219;0,0013219
2354422484;-16,72099745;105,4200891;-42,01160631;-68,15527755;;1,3345E-07;0,00195574;0,00195574
2360291368;-16,59044561;96,60332313;-49,78480081;20,60400158;;1,33783E-07;0,001264629;0,001264629
2366160252;-16,3610184;97,28414389;-49,57306065;-69,23063061;;1,34116E-07;0,001301949;0,001301949
2372029136;-16,01794318;88,48247316;-45,84080984;32,12858447;;1,34448E-07;0,001820693;0,001820693
2377898020;-15,91979388;84,62170971;-45,60968266;17,01480947;;1,34781E-07;0,00163752;0,00163752
2383766904;-15,15614704;83,51344113;-48,64610885;33,88097676;;1,35114E-07;0,001593569;0,001593569
2389635788;-14,35496659;77,94107392;-40,7111395;63,51943151;;1,35447E-07;0,002202447;0,002202447
2395504672;-14,84594644;77,86459795;-41,82211359;138,0298835;;1,3578E-07;0,002146208;0,002146208
2401373556;-14,1866718;74,56199357;-41,04430864;115,7143265;;1,36112E-07;0,002529194;0,002529194
2407242440;-14,53948363;72,45275257;-42,73564453;92,70921289;;1,36445E-07;0,002677166;0,002677166
2413111324;-14,22753142;61,80856891;-45,80295512;159,0341441;;1,36778E-07;0,002588657;0,002588657
2418980208;-13,86415649;63,71817504;-42,52278715;76,11728743;;1,37111E-07;0,003129088;0,003129088
2424849092;-13,5863032;55,66352557;-69,23311126;-168,9615478;;1,37444E-07;0,002947411;0,002947411
2430717976;-13,53115246;52,47235177;-41,25239724;-366,3298262;;1,37776E-07;0,002990047;0,002990047
2436586860;-13,95234328;48,96606504;-38,70140048;162,3522366;;1,38109E-07;0,003501648;0,003501648
2442455744;-12,96990656;45,96278989;-41,02201129;-154,2977736;;1,38442E-07;0,00306275;0,00306275
2448324628;-12,74168744;43,10399701;-47,47770904;-361,8254256;;1,38775E-07;0,002912435;0,002912435
2454193512;-13,20073578;44,36544367;-40,12874317;-138,9891531;;1,39108E-07;0,003449754;0,003449754
2460062396;-12,73752402;39,84762804;-43,09344445;-105,9483634;;1,3944E-07;0,003277203;0,003277203
2465931280;-12,76553928;34,58591058;-41,10738581;-106,0290139;;1,39773E-07;0,002652415;0,002652415
2471800164;-12,86384613;33,10046679;-39,67075397;-102,145331;;1,40106E-07;0,003244558;0,003244558
2477669048;-12,89106042;30,51157126;-39,49192514;-84,27288721;;1,40439E-07;0,003192086;0,003192086
2483537932;-12,9359893;25,0120535;-37,60253278;-73,96669839;;1,40772E-07;0,00237054;0,00237054
2489406816;-12,49317577;22,68224198;-41,96593629;-56,19515464;;1,41104E-07;0,002720696;0,002720696
2495275700;-12,11538851;22,66386031;-36,44895293;-47,85098974;;1,41437E-07;0,002383365;0,002383365
2501144584;-12,70448216;16,51079631;-39,20445916;-31,55114418;;1,4177E-07;0,001763906;0,001763906
2507013468;-12,35154051;14,7735234;-41,94402647;-4,892089794;;1,42103E-07;0,002010038;0,002010038
2512882352;-12,5508425;16,93978968;-47,16284664;38,36019397;;1,42436E-07;0,001778113;0,001778113
2518751236;-12,41358461;12,34310439;-40,47851921;31,4598602;;1,42768E-07;0,001687909;0,001687909
2524620120;-12,55353483;8,800511923;-41,49758651;93,21662242;;1,43101E-07;0,001679214;0,001679214
2530489004;-12,53957294;6,531895924;-39,38605694;21,79870139;;1,43434E-07;0,001503811;0,001503811
2536357888;-12,49166105;3,139495924;-40,40059687;82,74836162;;1,43767E-07;0,002091496;0,002091496
2542226772;-12,30425536;-0,538002242;-44,7267416;108,8576027;;1,44099E-07;0,002297396;0,002297396
2548095656;-12,62731381;-2,563528614;-41,14202724;121,2758452;;1,44432E-07;0,002065215;0,002065215
2553964540;-12,89989938;-6,394538219;-43,58416587;89,91086003;;1,44765E-07;0,002776471;0,002776471
2559833424;-12,72856776;-4,16539446;-45,50094863;91,81742906;;1,45098E-07;0,002441382;0,002441382
2565702308;-12,87276758;-2,63617824;-42,0312058;-175,7781564;;1,45431E-07;0,002267596;0,002267596
2571571192;-13,4600658;-5,79433859;-43,88053195;133,4968559;;1,45763E-07;0,003119787;0,003119787
2577440076;-13,62592592;-7,598544961;-45,32760606;138,4254746;;1,46096E-07;0,003243014;0,003243014
2583308960;-13,94333163;-6,402140835;-39,69707187;-179,9118973;;1,46429E-07;0,003242396;0,003242396
2589177844;-14,49154392;-10,17367208;-38,07915673;-366,2720695;;1,46762E-07;0,003766581;0,003766581
2595046728;-14,98616119;-15,52279612;-39,44835179;-148,0659417;;1,47095E-07;0,003740713;0,003740713
2600915612;-15,14266111;-16,04991123;-41,66018541;-129,9176833;;1,47427E-07;0,003510252;0,003510252
2606784496;-16,3036697;-14,96223298;-42,38301514;-114,3379072;;1,4776E-07;0,003748044;0,003748044
2612653380;-17,35771786;-23,84742902;-40,56298758;-55,21878062;;1,48093E-07;0,003937851;0,003937851
2618522264;-17,54168532;-22,18138354;-42,43882334;-69,67398312;;1,48426E-07;0,004319283;0,004319283
2624391148;-18,46250555;-27,63377651;-39,35054815;-45,37636553;;1,48759E-07;0,00381411;0,00381411
2630260032;-20,36509089;-36,50853164;-36,38999202;-55,98331878;;1,49091E-07;0,004178872;0,004178872
2636128916;-20,78401953;-41,19925301;-38,57066857;-48,8987368;;1,49424E-07;0,004378518;0,004378518
2641997800;-20,9907207;-49,2773842;-38,46693378;-25,36346098;;1,49757E-07;0,003913224;0,003913224
2647866684;-22,41724963;-61,56947017;-37,6862261;1,28236551;;1,5009E-07;0,003500572;0,003500572
2653735568;-21,0111863;-61,32706785;-38,72916124;-40,20402578;;1,50423E-07;0,004423788;0,004423788
2659604452;-22,49573355;-60,57165251;-37,8244254;-5,718075198;;1,50755E-07;0,003806077;0,003806077
2665473336;-23,25736539;-61,64144896;-38,34950482;11,20166957;;1,51088E-07;0,003405333;0,003405333
2671342220;-23,09813189;-74,98172865;-38,0960701;25,21606867;;1,51421E-07;0,004356121;0,004356121
2677211104;-24,15426158;-91,45740661;-41,78741885;-8,78413044;;1,51754E-07;0,003547932;0,003547932
2683079988;-26,17793979;-102,9965266;-42,49779076;78,10931261;;1,52087E-07;0,003185361;0,003185361
2688948872;-25,08041779;-102,6432909;-42,33647691;140,1054274;;1,52419E-07;0,003116727;0,003116727
2694817756;-27,13781244;-103,5460505;-38,69051972;100,8222301;;1,52752E-07;0,002897201;0,002897201
2700686640;-25,95382504;-131,8128611;-34,77753674;115,2349653;;1,53085E-07;0,005891388;0,005891388
2706555524;-28,05625447;-150,5443902;-36,24320017;138,6316135;;1,53418E-07;0,005353449;0,005353449
2712424408;-29,53268644;-142,4301259;-36,69407884;133,5106792;;1,5375E-07;0,005417489;0,005417489
2718293292;-31,42345317;-156,6916814;-40,58953411;158,4045771;;1,54083E-07;0,006493378;0,006493378
2724162176;-26,41342413;147,6444181;-35,44530814;166,2508804;;1,54416E-07;0,007667579;0,007667579
2730031060;-26,58148062;154,3642051;-37,87156919;-166,4663256;;1,54749E-07;0,007899617;0,007899617
2735899944;-25,48034753;122,7109735;-39,89419664;-164,1137393;;1,55082E-07;0,002847444;0,002847444
2741768828;-21,2534947;138,4636192;-35,83560632;-156,1241124;;1,55414E-07;0,005484369;0,005484369
2747637712;-20,71247705;124,871951;-41,44323494;-155,5174025;;1,55747E-07;0,005922378;0,005922378
2753506596;-18,97162881;131,6920419;-35,02070454;-102,6532656;;1,5608E-07;0,002113586;0,002113586
2759375480;-18,18461733;122,9016177;-45,75488226;-85,56358987;;1,56413E-07;0,004118436;0,004118436
2765244364;-16,86181775;117,9572459;-40,8931112;-83,52078414;;1,56746E-07;0,00333385;0,00333385
2771113248;-17,55162463;119,2307809;-43,4234695;-58,43207572;;1,57078E-07;0,000593259;0,000593259
2776982132;-16,87657382;113,9384261;-45,04152216;-22,92203019;;1,57411E-07;0,006325602;0,006325602
2782851016;-15,43829402;119,1486057;-37,2850152;-31,00813688;;1,57744E-07;0,005912904;0,005912904
2788719900;-15,59894549;113,9232431;-36,82478071;-6,361004881;;1,58077E-07;0,003637112;0,003637112
2794588784;-15,77235862;100,6112396;-37,83157993;-8,166348859;;1,5841E-07;0,006040683;0,006040683
2800457668;-15,25080399;108,6869212;-35,51008821;-6,179727175;;1,58742E-07;0,005020266;0,005020266
2806326552;-14,98688208;101,9003651;-39,93179945;-1,899237947;;1,59075E-07;0,00308275;0,00308275
2812195436;-14,36307743;105,5397669;-37,39568287;23,23813854;;1,59408E-07;0,005160973;0,005160973
2818064320;-14,32247938;101,6942445;-38,64270853;62,3292986;;1,59741E-07;0,004974343;0,004974343
2823933204;-13,49561652;96,00055489;-40,5773007;25,60819858;;1,60074E-07;0,005943903;0,005943903
2829802088;-13,81150474;94,43074929;-44,88965448;87,80754833;;1,60406E-07;0,00628616;0,00628616
2835670972;-13,14265528;94,63202301;-37,90359385;89,03852612;;1,60739E-07;0,004746243;0,004746243
2841539856;-13,02332075;86,73239511;-43,34408318;105,1886734;;1,61072E-07;0,005469741;0,005469741
2847408740;-12,46629442;88,14371917;-36,78953513;119,2370222;;1,61405E-07;0,005505724;0,005505724
2853277624;-12,41786117;85,02624588;-38,58750104;-367,2711308;;1,61738E-07;0,00525932;0,00525932
2859146508;-12,0437942;81,44237858;-42,86543161;-368,9696685;;1,6207E-07;0,008024982;0,008024982
2865015392;-11,209478;82,13283809;-39,22502764;-167,6191314;;1,62403E-07;0,00679391;0,00679391
2870884276;-11,15867735;80,08946541;-39,81447991;167,6176619;;1,62736E-07;0,006800134;0,006800134
2876753160;-11,22854018;77,80313999;-39,41759144;-133,6798276;;1,63069E-07;0,008077106;0,008077106
2882622044;-10,77464471;79,42941963;-42,64578947;-168,8006472;;1,63401E-07;0,007045251;0,007045251
2888490928;-11,07233382;74,93648004;-37,79372965;-126,7537555;;1,63734E-07;0,008660252;0,008660252
2894359812;-10,68403032;72,3046807;-36,31035479;-122,8210545;;1,64067E-07;0,010851705;0,010851705
2900228696;-10,57772351;71,19342367;-41,83682419;-60,08974015;;1,644E-07;0,01028831;0,01028831
2906097580;-10,18614804;70,42525888;-35,96937182;-63,25959775;;1,64733E-07;0,008245569;0,008245569
2911966464;-9,722399787;70,23097485;-40,29273693;-54,91682744;;1,65065E-07;0,008045913;0,008045913
2917835348;-10,17860676;69,38937133;-41,01113019;-3,681167655;;1,65398E-07;0,009250228;0,009250228
2923704232;-9,740962495;68,632308;-37,23481379;-36,66067014;;1,65731E-07;0,012513229;0,012513229
2929573116;-10,08972031;65,83767884;-33,21045129;-15,46058209;;1,66064E-07;0,012981763;0,012981763
2935442000;-10,10255704;64,08951093;-38,81872916;67,02746213;;1,66397E-07;0,014276649;0,014276649
2941310884;-9,729950717;62,61631816;-36,70310192;27,73457038;;1,66729E-07;0,010136376;0,010136376
2947179768;-9,887817549;60,57476927;-35,43608732;25,86427598;;1,67062E-07;0,007004399;0,007004399
2953048652;-9,956349951;59,22204788;-35,23158083;66,67394862;;1,67395E-07;0,009862686;0,009862686
2958917536;-9,691688512;52,52602088;-37,66688703;57,20562529;;1,67728E-07;0,019609324;0,019609324
2964786420;-9,026558591;54,62126007;-38,30470507;64,44952056;;1,68061E-07;0,024076936;0,024076936
2970655304;-9,247544552;55,23243366;-41,76090508;20,94854126;;1,68393E-07;0,019075916;0,019075916
2976524188;-8,358549679;50,27631031;-38,89751788;96,56089672;;1,68726E-07;0,015374518;0,015374518
2982393072;-8,708437029;48,47990204;-52,15946435;11,43624214;;1,69059E-07;0,013422715;0,013422715
2988261956;-8,247278772;47,04285932;-39,73424425;-144,3074195;;1,69392E-07;0,029130922;0,029130922
2994130840;-8,232294527;49,95640142;-37,53752364;-118,2995909;;1,69725E-07;0,02563196;0,02563196
